user_id,name
1,Malcolm Reynolds
10,Malcolm Reynolds
100,Malcolm Reynolds
101,Malcolm Reynolds
102,Malcolm Reynolds
103,Malcolm Reynolds
104,Malcolm Reynolds
105,Malcolm Reynolds
106,Malcolm Reynolds
107,Malcolm Reynolds
108,Malcolm Reynolds
109,Malcolm Reynolds
11,Malcolm Reynolds
110,Malcolm Reynolds
111,Malcolm Reynolds
112,Malcolm Reynolds
113,Malcolm Reynolds
114,Malcolm Reynolds
115,Malcolm Reynolds
116,Malcolm Reynolds
117,Malcolm Reynolds
118,Malcolm Reynolds
119,Malcolm Reynolds
12,Malcolm Reynolds
120,Malcolm Reynolds
121,Malcolm Reynolds
122,Malcolm Reynolds
123,Malcolm Reynolds
124,Malcolm Reynolds
125,Malcolm Reynolds
126,Malcolm Reynolds
127,Malcolm Reynolds
128,Malcolm Reynolds
129,Malcolm Reynolds
13,Malcolm Reynolds
130,Malcolm Reynolds
131,Malcolm Reynolds
132,Malcolm Reynolds
133,Malcolm Reynolds
134,Malcolm Reynolds
135,Malcolm Reynolds
136,Malcolm Reynolds
137,Malcolm Reynolds
138,Malcolm Reynolds
139,Malcolm Reynolds
14,Malcolm Reynolds
140,Malcolm Reynolds
141,Malcolm Reynolds
142,Malcolm Reynolds
143,Malcolm Reynolds
144,Malcolm Reynolds
145,Malcolm Reynolds
146,Malcolm Reynolds
147,Malcolm Reynolds
148,Malcolm Reynolds
149,Malcolm Reynolds
15,Malcolm Reynolds
150,Malcolm Reynolds
151,Malcolm Reynolds
152,Malcolm Reynolds
153,Malcolm Reynolds
154,Malcolm Reynolds
155,Malcolm Reynolds
156,Malcolm Reynolds
157,Malcolm Reynolds
158,Malcolm Reynolds
159,Malcolm Reynolds
16,Malcolm Reynolds
160,Malcolm Reynolds
161,Malcolm Reynolds
162,Malcolm Reynolds
163,Malcolm Reynolds
164,Malcolm Reynolds
165,Malcolm Reynolds
166,Malcolm Reynolds
167,Malcolm Reynolds
168,Malcolm Reynolds
169,Malcolm Reynolds
17,Malcolm Reynolds
170,Malcolm Reynolds
171,Malcolm Reynolds
172,Malcolm Reynolds
173,Malcolm Reynolds
174,Malcolm Reynolds
175,Malcolm Reynolds
176,Malcolm Reynolds
177,Malcolm Reynolds
178,Malcolm Reynolds
179,Malcolm Reynolds
18,Malcolm Reynolds
180,Malcolm Reynolds
181,Malcolm Reynolds
182,Malcolm Reynolds
183,Malcolm Reynolds
184,Malcolm Reynolds
185,Malcolm Reynolds
186,Malcolm Reynolds
187,Malcolm Reynolds
188,Malcolm Reynolds
189,Malcolm Reynolds
19,Malcolm Reynolds
190,Malcolm Reynolds
191,Malcolm Reynolds
192,Malcolm Reynolds
193,Malcolm Reynolds
194,Malcolm Reynolds
195,Malcolm Reynolds
196,Malcolm Reynolds
197,Malcolm Reynolds
198,Malcolm Reynolds
199,Malcolm Reynolds
2,Malcolm Reynolds
20,Malcolm Reynolds
200,Malcolm Reynolds
201,Malcolm Reynolds
202,Malcolm Reynolds
203,Malcolm Reynolds
204,Malcolm Reynolds
205,Malcolm Reynolds
206,Malcolm Reynolds
207,Malcolm Reynolds
208,Malcolm Reynolds
209,Malcolm Reynolds
21,Malcolm Reynolds
210,Malcolm Reynolds
211,Malcolm Reynolds
212,Malcolm Reynolds
213,Malcolm Reynolds
214,Malcolm Reynolds
215,Malcolm Reynolds
216,Malcolm Reynolds
217,Malcolm Reynolds
218,Malcolm Reynolds
219,Malcolm Reynolds
22,Malcolm Reynolds
220,Malcolm Reynolds
221,Malcolm Reynolds
222,Malcolm Reynolds
223,Malcolm Reynolds
224,Malcolm Reynolds
225,Malcolm Reynolds
226,Malcolm Reynolds
227,Malcolm Reynolds
228,Malcolm Reynolds
229,Malcolm Reynolds
23,Malcolm Reynolds
230,Malcolm Reynolds
231,Malcolm Reynolds
232,Malcolm Reynolds
233,Malcolm Reynolds
234,Malcolm Reynolds
235,Malcolm Reynolds
236,Malcolm Reynolds
237,Malcolm Reynolds
238,Malcolm Reynolds
239,Malcolm Reynolds
24,Malcolm Reynolds
240,Malcolm Reynolds
241,Malcolm Reynolds
242,Malcolm Reynolds
243,Malcolm Reynolds
244,Malcolm Reynolds
245,Malcolm Reynolds
246,Malcolm Reynolds
247,Malcolm Reynolds
248,Malcolm Reynolds
249,Malcolm Reynolds
25,Malcolm Reynolds
250,Malcolm Reynolds
251,Malcolm Reynolds
252,Malcolm Reynolds
253,Malcolm Reynolds
254,Malcolm Reynolds
255,Malcolm Reynolds
256,Malcolm Reynolds
257,Malcolm Reynolds
258,Malcolm Reynolds
259,Malcolm Reynolds
26,Malcolm Reynolds
260,Malcolm Reynolds
261,Malcolm Reynolds
262,Malcolm Reynolds
263,Malcolm Reynolds
264,Malcolm Reynolds
265,Malcolm Reynolds
266,Malcolm Reynolds
267,Malcolm Reynolds
268,Malcolm Reynolds
269,Malcolm Reynolds
27,Malcolm Reynolds
270,Malcolm Reynolds
271,Malcolm Reynolds
272,Malcolm Reynolds
273,Malcolm Reynolds
274,Malcolm Reynolds
275,Malcolm Reynolds
276,Malcolm Reynolds
277,Malcolm Reynolds
278,Malcolm Reynolds
279,Malcolm Reynolds
28,Malcolm Reynolds
280,Malcolm Reynolds
281,Malcolm Reynolds
282,Malcolm Reynolds
283,Malcolm Reynolds
284,Malcolm Reynolds
285,Malcolm Reynolds
286,Malcolm Reynolds
287,Malcolm Reynolds
288,Malcolm Reynolds
289,Malcolm Reynolds
29,Malcolm Reynolds
290,Malcolm Reynolds
291,Malcolm Reynolds
292,Malcolm Reynolds
293,Malcolm Reynolds
294,Malcolm Reynolds
295,Malcolm Reynolds
296,Malcolm Reynolds
297,Malcolm Reynolds
298,Malcolm Reynolds
299,Malcolm Reynolds
3,Malcolm Reynolds
30,Malcolm Reynolds
300,Malcolm Reynolds
301,Malcolm Reynolds
302,Malcolm Reynolds
303,Malcolm Reynolds
304,Malcolm Reynolds
305,Malcolm Reynolds
306,Malcolm Reynolds
307,Malcolm Reynolds
308,Malcolm Reynolds
309,Malcolm Reynolds
31,Malcolm Reynolds
310,Malcolm Reynolds
311,Malcolm Reynolds
312,Malcolm Reynolds
313,Malcolm Reynolds
314,Malcolm Reynolds
315,Malcolm Reynolds
316,Malcolm Reynolds
317,Malcolm Reynolds
318,Malcolm Reynolds
319,Malcolm Reynolds
32,Malcolm Reynolds
320,Malcolm Reynolds
321,Malcolm Reynolds
322,Malcolm Reynolds
323,Malcolm Reynolds
324,Malcolm Reynolds
325,Malcolm Reynolds
326,Malcolm Reynolds
327,Malcolm Reynolds
328,Malcolm Reynolds
329,Malcolm Reynolds
33,Malcolm Reynolds
330,Malcolm Reynolds
331,Malcolm Reynolds
332,Malcolm Reynolds
333,Malcolm Reynolds
334,Malcolm Reynolds
335,Malcolm Reynolds
336,Malcolm Reynolds
337,Malcolm Reynolds
338,Malcolm Reynolds
339,Malcolm Reynolds
34,Malcolm Reynolds
340,Malcolm Reynolds
341,Malcolm Reynolds
342,Malcolm Reynolds
343,Malcolm Reynolds
344,Malcolm Reynolds
345,Malcolm Reynolds
346,Malcolm Reynolds
347,Malcolm Reynolds
348,Malcolm Reynolds
349,Malcolm Reynolds
35,Malcolm Reynolds
350,Malcolm Reynolds
351,Malcolm Reynolds
352,Malcolm Reynolds
353,Malcolm Reynolds
354,Malcolm Reynolds
355,Malcolm Reynolds
356,Malcolm Reynolds
357,Malcolm Reynolds
358,Malcolm Reynolds
359,Malcolm Reynolds
36,Malcolm Reynolds
360,Malcolm Reynolds
361,Malcolm Reynolds
362,Malcolm Reynolds
363,Malcolm Reynolds
364,Malcolm Reynolds
365,Malcolm Reynolds
366,Malcolm Reynolds
367,Malcolm Reynolds
368,Malcolm Reynolds
369,Malcolm Reynolds
37,Malcolm Reynolds
370,Malcolm Reynolds
371,Malcolm Reynolds
372,Malcolm Reynolds
373,Malcolm Reynolds
374,Malcolm Reynolds
375,Malcolm Reynolds
376,Malcolm Reynolds
377,Malcolm Reynolds
378,Malcolm Reynolds
379,Malcolm Reynolds
38,Malcolm Reynolds
380,Malcolm Reynolds
381,Malcolm Reynolds
382,Malcolm Reynolds
383,Malcolm Reynolds
384,Malcolm Reynolds
385,Malcolm Reynolds
386,Malcolm Reynolds
387,Malcolm Reynolds
388,Malcolm Reynolds
389,Malcolm Reynolds
39,Malcolm Reynolds
390,Malcolm Reynolds
391,Malcolm Reynolds
392,Malcolm Reynolds
393,Malcolm Reynolds
394,Malcolm Reynolds
395,Malcolm Reynolds
396,Malcolm Reynolds
397,Malcolm Reynolds
398,Malcolm Reynolds
399,Malcolm Reynolds
4,Malcolm Reynolds
40,Malcolm Reynolds
400,Malcolm Reynolds
401,Malcolm Reynolds
402,Malcolm Reynolds
403,Malcolm Reynolds
404,Malcolm Reynolds
405,Malcolm Reynolds
406,Malcolm Reynolds
407,Malcolm Reynolds
408,Malcolm Reynolds
409,Malcolm Reynolds
41,Malcolm Reynolds
410,Malcolm Reynolds
411,Malcolm Reynolds
412,Malcolm Reynolds
413,Malcolm Reynolds
414,Malcolm Reynolds
415,Malcolm Reynolds
416,Malcolm Reynolds
417,Malcolm Reynolds
418,Malcolm Reynolds
419,Malcolm Reynolds
42,Malcolm Reynolds
420,Malcolm Reynolds
421,Malcolm Reynolds
422,Malcolm Reynolds
423,Malcolm Reynolds
424,Malcolm Reynolds
425,Malcolm Reynolds
426,Malcolm Reynolds
427,Malcolm Reynolds
428,Malcolm Reynolds
429,Malcolm Reynolds
43,Malcolm Reynolds
430,Malcolm Reynolds
431,Malcolm Reynolds
432,Malcolm Reynolds
433,Malcolm Reynolds
434,Malcolm Reynolds
435,Malcolm Reynolds
436,Malcolm Reynolds
437,Malcolm Reynolds
438,Malcolm Reynolds
439,Malcolm Reynolds
44,Malcolm Reynolds
440,Malcolm Reynolds
441,Malcolm Reynolds
442,Malcolm Reynolds
443,Malcolm Reynolds
444,Malcolm Reynolds
445,Malcolm Reynolds
446,Malcolm Reynolds
447,Malcolm Reynolds
448,Malcolm Reynolds
449,Malcolm Reynolds
45,Malcolm Reynolds
450,Malcolm Reynolds
451,Malcolm Reynolds
452,Malcolm Reynolds
453,Malcolm Reynolds
454,Malcolm Reynolds
455,Malcolm Reynolds
456,Malcolm Reynolds
457,Malcolm Reynolds
458,Malcolm Reynolds
459,Malcolm Reynolds
46,Malcolm Reynolds
460,Malcolm Reynolds
461,Malcolm Reynolds
462,Malcolm Reynolds
463,Malcolm Reynolds
464,Malcolm Reynolds
465,Malcolm Reynolds
466,Malcolm Reynolds
467,Malcolm Reynolds
468,Malcolm Reynolds
469,Malcolm Reynolds
47,Malcolm Reynolds
470,Malcolm Reynolds
471,Malcolm Reynolds
472,Malcolm Reynolds
473,Malcolm Reynolds
474,Malcolm Reynolds
475,Malcolm Reynolds
476,Malcolm Reynolds
477,Malcolm Reynolds
478,Malcolm Reynolds
479,Malcolm Reynolds
48,Malcolm Reynolds
480,Malcolm Reynolds
481,Malcolm Reynolds
482,Malcolm Reynolds
483,Malcolm Reynolds
484,Malcolm Reynolds
485,Malcolm Reynolds
486,Malcolm Reynolds
487,Malcolm Reynolds
488,Malcolm Reynolds
489,Malcolm Reynolds
49,Malcolm Reynolds
490,Malcolm Reynolds
491,Malcolm Reynolds
492,Malcolm Reynolds
493,Malcolm Reynolds
494,Malcolm Reynolds
495,Malcolm Reynolds
496,Malcolm Reynolds
497,Malcolm Reynolds
498,Malcolm Reynolds
499,Malcolm Reynolds
5,Malcolm Reynolds
50,Malcolm Reynolds
500,Malcolm Reynolds
501,Malcolm Reynolds
502,Malcolm Reynolds
503,Malcolm Reynolds
504,Malcolm Reynolds
505,Malcolm Reynolds
506,Malcolm Reynolds
507,Malcolm Reynolds
508,Malcolm Reynolds
509,Malcolm Reynolds
51,Malcolm Reynolds
510,Malcolm Reynolds
511,Malcolm Reynolds
512,Malcolm Reynolds
513,Malcolm Reynolds
514,Malcolm Reynolds
515,Malcolm Reynolds
516,Malcolm Reynolds
517,Malcolm Reynolds
518,Malcolm Reynolds
519,Malcolm Reynolds
52,Malcolm Reynolds
520,Malcolm Reynolds
521,Malcolm Reynolds
522,Malcolm Reynolds
523,Malcolm Reynolds
524,Malcolm Reynolds
525,Malcolm Reynolds
526,Malcolm Reynolds
527,Malcolm Reynolds
528,Malcolm Reynolds
529,Malcolm Reynolds
53,Malcolm Reynolds
530,Malcolm Reynolds
531,Malcolm Reynolds
532,Malcolm Reynolds
533,Malcolm Reynolds
534,Malcolm Reynolds
535,Malcolm Reynolds
536,Malcolm Reynolds
537,Malcolm Reynolds
538,Malcolm Reynolds
539,Malcolm Reynolds
54,Malcolm Reynolds
540,Malcolm Reynolds
541,Malcolm Reynolds
542,Malcolm Reynolds
543,Malcolm Reynolds
544,Malcolm Reynolds
545,Malcolm Reynolds
546,Malcolm Reynolds
547,Malcolm Reynolds
548,Malcolm Reynolds
549,Malcolm Reynolds
55,Malcolm Reynolds
550,Malcolm Reynolds
551,Malcolm Reynolds
552,Malcolm Reynolds
553,Malcolm Reynolds
554,Malcolm Reynolds
555,Malcolm Reynolds
556,Malcolm Reynolds
557,Malcolm Reynolds
558,Malcolm Reynolds
559,Malcolm Reynolds
56,Malcolm Reynolds
560,Malcolm Reynolds
561,Malcolm Reynolds
562,Malcolm Reynolds
563,Malcolm Reynolds
564,Malcolm Reynolds
565,Malcolm Reynolds
566,Malcolm Reynolds
567,Malcolm Reynolds
568,Malcolm Reynolds
569,Malcolm Reynolds
57,Malcolm Reynolds
570,Malcolm Reynolds
571,Malcolm Reynolds
572,Malcolm Reynolds
573,Malcolm Reynolds
574,Malcolm Reynolds
575,Malcolm Reynolds
576,Malcolm Reynolds
577,Malcolm Reynolds
578,Malcolm Reynolds
579,Malcolm Reynolds
58,Malcolm Reynolds
580,Malcolm Reynolds
581,Malcolm Reynolds
582,Malcolm Reynolds
583,Malcolm Reynolds
584,Malcolm Reynolds
585,Malcolm Reynolds
586,Malcolm Reynolds
587,Malcolm Reynolds
588,Malcolm Reynolds
589,Malcolm Reynolds
59,Malcolm Reynolds
590,Malcolm Reynolds
591,Malcolm Reynolds
592,Malcolm Reynolds
593,Malcolm Reynolds
594,Malcolm Reynolds
595,Malcolm Reynolds
596,Malcolm Reynolds
597,Malcolm Reynolds
598,Malcolm Reynolds
599,Malcolm Reynolds
6,Malcolm Reynolds
60,Malcolm Reynolds
600,Malcolm Reynolds
601,Malcolm Reynolds
602,Malcolm Reynolds
603,Malcolm Reynolds
604,Malcolm Reynolds
605,Malcolm Reynolds
606,Malcolm Reynolds
607,Malcolm Reynolds
608,Malcolm Reynolds
609,Malcolm Reynolds
61,Malcolm Reynolds
610,Malcolm Reynolds
611,Malcolm Reynolds
612,Malcolm Reynolds
613,Malcolm Reynolds
614,Malcolm Reynolds
615,Malcolm Reynolds
616,Malcolm Reynolds
617,Malcolm Reynolds
618,Malcolm Reynolds
619,Malcolm Reynolds
62,Malcolm Reynolds
620,Malcolm Reynolds
621,Malcolm Reynolds
622,Malcolm Reynolds
623,Malcolm Reynolds
624,Malcolm Reynolds
625,Malcolm Reynolds
626,Malcolm Reynolds
627,Malcolm Reynolds
628,Malcolm Reynolds
629,Malcolm Reynolds
63,Malcolm Reynolds
630,Malcolm Reynolds
631,Malcolm Reynolds
632,Malcolm Reynolds
633,Malcolm Reynolds
634,Malcolm Reynolds
635,Malcolm Reynolds
636,Malcolm Reynolds
637,Malcolm Reynolds
638,Malcolm Reynolds
639,Malcolm Reynolds
64,Malcolm Reynolds
640,Malcolm Reynolds
641,Malcolm Reynolds
642,Malcolm Reynolds
643,Malcolm Reynolds
644,Malcolm Reynolds
645,Malcolm Reynolds
646,Malcolm Reynolds
647,Malcolm Reynolds
648,Malcolm Reynolds
649,Malcolm Reynolds
65,Malcolm Reynolds
650,Malcolm Reynolds
651,Malcolm Reynolds
652,Malcolm Reynolds
653,Malcolm Reynolds
654,Malcolm Reynolds
655,Malcolm Reynolds
656,Malcolm Reynolds
657,Malcolm Reynolds
658,Malcolm Reynolds
659,Malcolm Reynolds
66,Malcolm Reynolds
660,Malcolm Reynolds
661,Malcolm Reynolds
662,Malcolm Reynolds
663,Malcolm Reynolds
664,Malcolm Reynolds
665,Malcolm Reynolds
666,Malcolm Reynolds
667,Malcolm Reynolds
668,Malcolm Reynolds
669,Malcolm Reynolds
67,Malcolm Reynolds
670,Malcolm Reynolds
671,Malcolm Reynolds
68,Malcolm Reynolds
69,Malcolm Reynolds
7,Malcolm Reynolds
70,Malcolm Reynolds
71,Malcolm Reynolds
72,Malcolm Reynolds
73,Malcolm Reynolds
74,Malcolm Reynolds
75,Malcolm Reynolds
76,Malcolm Reynolds
77,Malcolm Reynolds
78,Malcolm Reynolds
79,Malcolm Reynolds
8,Malcolm Reynolds
80,Malcolm Reynolds
81,Malcolm Reynolds
82,Malcolm Reynolds
83,Malcolm Reynolds
84,Malcolm Reynolds
85,Malcolm Reynolds
86,Malcolm Reynolds
87,Malcolm Reynolds
88,Malcolm Reynolds
89,Malcolm Reynolds
9,Malcolm Reynolds
90,Malcolm Reynolds
91,Malcolm Reynolds
92,Malcolm Reynolds
93,Malcolm Reynolds
94,Malcolm Reynolds
95,Malcolm Reynolds
96,Malcolm Reynolds
97,Malcolm Reynolds
98,Malcolm Reynolds
99,Malcolm Reynolds
